University,State,pretty name,State Abb,location name,food name,City,Type,Grad Program?,Pop (2020 Decennial Census),undergrad pop,city long,city lat,zip,uni. LONGITUDE,uni. LATITUDE,Monthly food,Appartment Mean,Appartment Min,Appartment Max,Gas,Avg spent on gas = avg miles driven / gas milage * gas cost,Avg gas/ month?,Total Cost,Monthly Cost of living + Yearly Maintencance cost,Min Cost,Max Cost
SUNY College of Technology at Alfred,New York,"Alfred, New York",NY,Alfred New York,Alfred-NY,Alfred,Mix,yes,4896,3400,42.2552,77.7947,14802,-77.795,42.2553,314.6,1068.38,700,1414,3.39,1707.1,142.2583333,1525.238333,2317.238333,1948.858333,2662.858333
Sul Ross State University,Texas,"Alpine, Texas",TX,Alpine Texas,Alpine-TX,Alpine,Regional,yes,6035,1603,-103.665,30.364,79832,-103.65,30.3631,316.16,675,675,675,3.15,1586.24,132.1866667,1123.346667,1915.346667,1915.346667,1915.346667
Iowa State University,Iowa,"Ames, Iowa",IA,Ames Iowa,Ames-IA,Ames,Land grant,yes,66427,25537,-93.6217,42.0256,50011-2103,-93.649,42.0262,316.16,863.67,620,1225,3.24,1631.56,135.9633333,1315.793333,2107.793333,1864.123333,2469.123333
University of Massachusetts-Amherst,Massachusetts,"Amherst, Massachusetts",MA,Amherst Massachusetts,Amherst-MA,Amherst,Mix,yes,39263,23947,42.3868,72.5301,1003,-72.527,42.386,317.6333333,1886.94,1375,2394.5,3.19,1606.38,133.865,2338.438333,3130.438333,2618.498333,3637.998333
University of Michigan-Ann Arbor,Michigan,"Ann Arbor, Michigan",MI,Ann Arbor Michigan,Ann-Arbor-MI,Ann Arbor,Flagship,yes,123851,32063,-83.731,42.2759,48109,-83.743,42.2759,315.0333333,1876.49,1231.5,3567.5,3.45,1737.31,144.7758333,2336.299167,3128.299167,2483.309167,4819.309167
California State Polytechnic University-Humboldt,California,"Arcata, California",CA,Arcata California,Arcata-CA,Arcata,Regional,yes,18857,5336,-124.076,40.8615,95521-8299,-124.08,40.8775,323.1366667,1213.12,885,1550,5.39,2714.23,226.1858333,1762.4425,2554.4425,2226.3225,2891.3225
Henderson State University,Arkansas,"Arkadelphia, Arkansas",AR,Arkadelphia Arkansas,Arkadelphia-AR,Arkadelphia,Mix,yes,10380,2205,-93.0729,34.1253,71999-0001,-93.06,34.1282,318.1533333,715,715,715,2.95,1485.53,123.7941667,1156.9475,1948.9475,1948.9475,1948.9475
Southern Oregon University,Oregon,"Ashland, Oregon",OR,Ashland Oregon,Ashland-OR,Ashland,Regional,yes,21360,3208,-122.699,42.1905,97520,-122.7,42.1851,321.5116667,1575,1050,2100,3.89,1958.88,163.24,2059.751667,2851.751667,2326.751667,3376.751667
University of Georgia,Georgia,"Athens, Georgia",GA,Athens Georgia,Athens-GA,Athens,Flagship,yes,96124,30032,-83.3689,33.9508,30602,-83.374,33.9563,315.9,1450.77,775,2609,3.14,1581.21,131.7675,1898.4375,2690.4375,2014.6675,3848.6675
Ohio University,Ohio,"Athens, Ohio",OH,Athens Ohio,Athens-OH,Athens,Flagship,yes,23849,17899,-82.0987,39.327,45701-2979,-82.101,39.3268,312.0866667,814.38,444,1450,3.35,1686.95,140.5791667,1267.045833,2059.045833,1688.665833,2694.665833
Auburn University,Alabama,"Auburn, Alabama",AL,Auburn Alabama,Auburn-AL,Auburn,Land grant,yes,76143,24782,-85.4903,32.6087,36849,-85.488,32.5994,348.9416667,1266.17,760,3450,2.97,1495.6,124.6333333,1739.745,2531.745,2025.575,4715.575
University of Maine at Augusta,Maine,"Augusta, Maine",ME,Augusta Maine,Augusta-ME,Augusta,Regional,yes,18899,3020,-69.7319,44.3341,04330-9410,-69.796,44.3377,315.9,1058.75,750,1250,3.15,1586.24,132.1866667,1506.836667,2298.836667,1990.086667,2490.086667
Bemidji State University,Minnesota,"Bemidji, Minnesota",MN,Bemidji Minnesota,Bemidji-MN,Bemidji,Regional,yes,14574,3508,-94.8797,47.4828,56601,-94.874,47.4823,321.5333333,913.12,870,945,3.29,1656.74,138.0616667,1372.715,2164.715,2121.595,2196.595
Ferris State University,Michigan,"Big Rapids, Michigan",MI,Big Rapids Michigan,Big-Rapids-MI,Big Rapids,Regional,yes,7727,8810,-85.4806,43.6992,49307-2251,-85.482,43.6877,317.8933333,1299,1299,1299,3.49,1757.45,146.4541667,1763.3475,2555.3475,2555.3475,2555.3475
Binghamton University,New York,"Binghamton, New York",NY,Binghamton New York,Binghamton-NY,Binghamton,Flagship,yes,47969,14303,-75.9093,42.1014,13850-6000,-75.967,42.0879,314.6,1277.69,785,2200,3.09,1556.03,129.6691667,1721.959167,2513.959167,2021.269167,3436.269167
Virginia Polytechnic Institute and State University,Virginia,"Blacksburg, Virginia",VA,Blacksburg Virginia,Blacksburg-VA,Blacksburg,Land grant,yes,44826,29699,-80.4279,37.23,24061-0131,-80.424,37.229,317.2,1247.55,787.5,1740,3.29,1656.74,138.0616667,1702.811667,2494.811667,2034.761667,2987.261667
Indiana University-Bloomington,Indiana,"Bloomington, Indiana",IN,Bloomington Indiana,Bloomington-IN,Bloomington,Flagship,yes,79168,33995,-86.5257,39.1637,47405-7000,-86.527,39.1661,317.2,1203.44,621.5,1762,3.59,1807.81,150.6508333,1671.290833,2463.290833,1881.350833,3021.850833
Bloomsburg University of Pennsylvania,Pennsylvania,"Bloomsburg, Pennsylvania",PA,Bloomsburg Pennsylvania,Bloomsburg-PA,Bloomsburg,Regional,yes,12711,6719,-76.4561,41.0027,17815,-76.448,41.0078,318.0666667,1325,900,1750,3.3,1661.78,138.4816667,1781.548333,2573.548333,2148.548333,2998.548333
Appalachian State University,North Carolina,"Boone, North Carolina",NC,Boone North Carolina,Boone-NC,Boone,Regional,yes,19092,18486,-81.6669,36.2111,28608,-81.681,36.2155,318.9333333,1593.5,1349,1749,3.29,1656.74,138.0616667,2050.495,2842.495,2597.995,2997.995
University of Colorado Boulder,Colorado,"Boulder, Colorado",CO,Boulder Colorado,Boulder-CO,Boulder,Flagship,yes,108250,30414,-105.252,40.0248,80309-0017,-105.27,40.0088,312.78,2314.68,1334.5,5884,2.99,1505.67,125.4725,2752.9325,3544.9325,2564.7525,7114.2525
Western Kentucky University,Kentucky,"Bowling Green, Kentucky",KY,Bowling Green Kentucky,Bowling-Green-KY,Bowling Green,Regional,yes,72294,12526,-86.4378,36.9716,42101-1000,-86.457,36.985,313.82,971.83,645,1897.5,3.09,1556.03,129.6691667,1415.319167,2207.319167,1880.489167,3132.989167
Bowling Green State University,Ohio,"Bowling Green, Ohio",OH,Bowling Green Ohio,Bowling-Green-OH,Bowling Green,Regional,yes,30808,2511,-83.6495,41.3776,43403,-83.641,41.3755,314.6866667,1007.15,628.5,1646,3.24,1631.56,135.9633333,1457.8,2249.8,1871.15,2888.65
Montana State University,Montana,"Bozeman, Montana",MT,Bozeman Montana,Bozeman-MT,Bozeman,Land grant,yes,53293,14329,-111.056,45.6833,59717,-111.05,45.6667,311.9133333,2018.15,1600,2432.5,3.31,1666.81,138.9008333,2468.964167,3260.964167,2842.814167,3675.314167
Bridgewater State University,Massachusetts,"Bridgewater, Massachusetts",MA,Bridgewater Massachusetts,Bridgewater-MA,Bridgewater,Regional,yes,28633,8142,41.9888,70.9663,2325,-70.975,41.9875,312,2537.76,1225,4004.5,3.19,1606.38,133.865,2983.625,3775.625,2462.865,5242.365
SUNY Brockport,New York,"Brockport, New York",NY,Brockport New York,Brockport-NY,Brockport,Regional,yes,7104,5668,-77.9404,43.2137,14420-2919,-77.947,43.2119,316.7666667,1489.76,650,2414,3.32,1671.85,139.3208333,1945.8475,2737.8475,1898.0875,3662.0875
South Dakota State University,South Dakota,"Brookings, South Dakota",SD,Brookings South Dakota,Brookings-SD,Brookings,Land grant,yes,23377,8651,-96.7859,44.3022,57007-1898,-96.782,44.3175,321.5333333,1128.62,943,1260,2.92,1470.42,122.535,1572.688333,2364.688333,2179.068333,2496.068333
University of Vermont,Vermont,"Burlington, Vermont",VT,Burlington Vermont,Burlington-VT,Burlington,Flagship,yes,44743,11081,-73.2316,44.4876,05405-0160,-73.197,44.4773,315.9,1968.55,1379,2550,3.39,1707.1,142.2583333,2426.708333,3218.708333,2629.158333,3800.158333
California University of Pennsylvania,Pennsylvania,"California, Pennsylvania",PA,California Pennsylvania,California-PA,California,Regional,yes,5362,4314,-79.9152,40.0692,15419-1394,-79.887,40.065,316.3333333,1021.77,712.5,1572.5,3.69,1858.17,154.8475,1492.950833,2284.950833,1975.680833,2835.680833
West Texas A&M University,Texas,"Canyon, Texas",TX,Canyon Texas,Canyon-TX,Canyon,Regional,yes,14836,7015,-101.919,34.9911,79016,-101.91,34.9828,315.0333333,648.81,500,803,2.69,1354.6,112.8833333,1076.726667,1868.726667,1719.916667,2022.916667
Southeast Missouri State University,Missouri,"Cape Girardeau, Missouri",MO,Cape Girardeau Missouri,Cape-Girardeau-MO,Cape Girardeau,Regional,yes,39540,7306,-89.5597,37.3109,63701,-89.531,37.3111,316.42,686.5,686.5,686.5,3.19,1606.38,133.865,1136.785,1928.785,1928.785,1928.785
Southern Illinois University-Carbondale,Illinois,"Carbondale, Illinois",IL,Carbondale Illinois,Carbondale-IL,Carbondale,Regional,yes,21857,7973,-89.2237,37.7221,62901-4512,-89.217,37.7142,316.8533333,651.47,387.5,1214,3.49,1757.45,146.4541667,1114.7775,1906.7775,1642.8075,2469.3075
University of West Georgia,Georgia,"Carrollton, Georgia",GA,Carrollton Georgia,Carrollton-GA,Carrollton,Regional,yes,26738,8572,-85.0838,33.5818,30118-0001,-85.098,33.5736,318.2833333,1145,787.5,1852.5,3.18,1601.35,133.4458333,1596.729167,2388.729167,2031.229167,3096.229167
Southern Utah University,Utah,"Cedar City, Utah",UT,Cedar City Utah,Cedar-City-UT,Cedar City,Regional,yes,35235,9297,-113.096,37.6834,84720,-113.07,37.6746,316.2466667,1042.5,990,1095,3.19,1606.38,133.865,1492.611667,2284.611667,2232.111667,2337.111667
University of Northern Iowa,Iowa,"Cedar Falls, Iowa",IA,Cedar Falls Iowa,Cedar-Falls-IA,Cedar Falls,Regional,yes,40713,7812,-92.4536,42.5195,50614-0005,-92.46,42.5149,316.16,1062.94,712.5,1562.5,3.29,1656.74,138.0616667,1517.161667,2309.161667,1958.721667,2808.721667
University of Illinois Urbana-Champaign,Illinois,"Champaign-Urbana, Illinois",IL,Champaign-Urbana Illinois,Champaign-Urbana-IL,Champaign-Urbana,Flagship,yes,126638,33889,40.102,88.2272,61820-5711,-88.229,40.1047,349.0066667,1689.52,445,23350,3.29,1656.74,138.0616667,2176.588333,2968.588333,1724.068333,24629.06833
University of North Carolina at Chapel Hill,North Carolina,"Chapel Hill, North Carolina",NC,Chapel Hill North Carolina,Chapel-Hill-NC,Chapel Hill,Flagship,yes,61960,19722,-79.0391,35.9271,27599,-79.051,35.9118,314.6,1711.71,1183.5,2471.5,3.19,1606.38,133.865,2160.175,2952.175,2423.965,3711.965
Eastern Illinois University,Illinois,"Charleston, Illinois",IL,Charleston Illinois,Charleston-IL,Charleston,Regional,yes,17286,4616,-88.1781,39.4842,61920,-88.176,39.4798,349.0066667,643.6,383,885,3.45,1737.31,144.7758333,1137.3825,1929.3825,1668.7825,2170.7825
University of Virginia,Virginia,"Charlottesville, Virginia",VA,Charlottesville Virginia,Charlottesville-VA,Charlottesville,Flagship,yes,46553,17041,-78.4855,38.0375,22903-2628,-78.503,38.0357,316.3333333,1756.19,1036,2762.5,3.23,1626.53,135.5441667,2208.0675,3000.0675,2279.8775,4006.3775
Eastern Washington University,Washington,"Cheney, Washington",WA,Cheney Washington,Cheney-WA,Cheney,Regional,yes,13255,7589,-117.579,47.4901,99004-2496,-117.58,47.4907,316.745,937.88,572,1175,3.69,1858.17,154.8475,1409.4725,2201.4725,1835.5925,2438.5925
California State University-Chico,California,"Chico, California",CA,Chico California,Chico-CA,Chico,Regional,yes,101475,14343,-121.816,39.7578,95929-0150,-121.84,39.7297,323.1366667,1251.4,588,1866,4.79,2412.09,201.0075,1775.544167,2567.544167,1904.144167,3182.144167
Clarion University of Pennsylvania,Pennsylvania,"Clarion, Pennsylvania",PA,Clarion Pennsylvania,Clarion-PA,Clarion,Regional,yes,3931,3071,-79.3803,41.2106,16214,-79.378,41.2078,316.3333333,557.5,557.5,557.5,3.49,1757.45,146.4541667,1020.2875,1812.2875,1812.2875,1812.2875
Clemson University,South Carolina,"Clemson, South Carolina",SC,Clemson South Carolina,Clemson-SC,Clemson,Land grant,yes,17681,21577,-82.8124,34.6837,29634,-82.835,34.6794,320.0166667,1125.88,655,1700,3.01,1515.74,126.3116667,1572.208333,2364.208333,1893.328333,2938.328333
Texas A&M University,Texas,"College Station, Texas",TX,College Station Texas,College-Station-TX,College Station,Land grant,yes,120511,56006,-96.2959,30.5852,77843,-96.336,30.6187,313.3,1238.1,749,1964,3.09,1556.03,129.6691667,1681.069167,2473.069167,1983.969167,3198.969167
University of Missouri-Columbia,Missouri,"Columbia, Missouri",MO,Columbia Missouri,Columbia-MO,Columbia,Flagship,yes,126254,23092,-92.3268,38.9472,65211,-92.329,38.9453,316.42,1183.35,550,2394.5,2.99,1505.67,125.4725,1625.2425,2417.2425,1783.8925,3628.3925
Texas A&M University–Commerce,Texas,"Commerce, Texas",TX,Commerce Texas,Commerce-TX,Commerce,Regional,yes,9090,7517,-95.8992,33.2421,75428,-95.905,33.2421,313.7333333,1055.06,712.5,1972.5,2.93,1475.46,122.955,1491.748333,2283.748333,1941.188333,3201.188333
University of Central Arkansas,Arkansas,"Conway, Arkansas",AR,Conway Arkansas,Conway-AR,Conway,Regional,yes,64134,7763,-92.4692,35.0753,72035-0001,-92.458,35.0779,318.1533333,873.57,605,2075.5,2.95,1485.53,123.7941667,1315.5175,2107.5175,1838.9475,3309.4475
Tennessee Technological University,Tennessee,"Cookeville, Tennessee",TN,Cookeville Tennessee,Cookeville-TN,Cookeville,Regional,yes,34842,8186,-85.5109,36.1482,38505-0001,-85.504,36.1748,318.5866667,945.25,640,1260,2.96,1490.56,124.2133333,1388.05,2180.05,1874.8,2494.8
SUNY Cortland,New York,"Cortland, New York",NY,Cortland New York,Cortland-NY,Cortland,Regional,yes,17556,5974,-76.1784,42.6004,13045-0900,-76.189,42.598,316.7666667,2018.27,885,9112.5,3.28,1651.7,137.6416667,2472.678333,3264.678333,2131.408333,10358.90833
Oregon State University,Oregon,"Corvallis, Oregon",OR,Corvallis Oregon,Corvallis-OR,Corvallis,Land grant,yes,59922,27038,-123.278,44.5698,97331,-123.27,44.564,324.9783333,1379.86,675,1704,3.65,1838.02,153.1683333,1858.006667,2650.006667,1945.146667,2974.146667
University of Minnesota-Crookston,Minnesota,"Crookston, Minnesota",MN,Crookston Minnesota,Crookston-MN,Crookston,Regional,yes,7482,1574,-96.6062,47.7747,56716-5001,-96.606,47.8025,321.5333333,720.7,580,850,2.99,1505.67,125.4725,1167.705833,1959.705833,1819.005833,2089.005833
Western Carolina University,North Carolina,"Cullowhee, North Carolina",NC,Cullowhee North Carolina,Cullowhee-NC,Cullowhee,Regional,yes,7682,9980,-83.1816,35.3097,28723-9646,-83.186,35.309,316.7666667,1207.21,595,1647.5,3.29,1656.74,138.0616667,1662.038333,2454.038333,1841.828333,2894.328333
University of North Georgia,Georgia,"Dahlonega, Georgia",GA,Dahlonega Georgia,Dahlonega-GA,Dahlonega,Regional,yes,7537,16515,-83.9804,34.5311,30597,-83.986,34.5302,320.45,1648.25,883.5,2593,3.29,1656.74,138.0616667,2106.761667,2898.761667,2134.011667,3843.511667
University of California-Davis,California,"Davis, California",CA,Davis California,Davis-CA,Davis,Land grant,yes,66850,31637,-121.737,38.5553,95616-8678,-121.75,38.5397,326.6033333,2022.99,1325,2522.5,4.49,2261.02,188.4183333,2538.011667,3330.011667,2632.021667,3829.521667
Northern Illinois University,Illinois,"DeKalb, Illinois",IL,DeKalb Illinois,DeKalb-IL,DeKalb,Regional,yes,40290,11819,-88.7481,41.9314,60115-2828,-88.766,41.9339,316.7666667,917.47,590,1450,3.51,1767.52,147.2933333,1381.53,2173.53,1846.06,2706.06
SUNY College of Technology at Delhi,New York,"Delhi, New York",NY,Delhi New York,Delhi-NY,Delhi,Regional,yes,4795,2486,42.2781,74.916,13753-1100,-74.925,42.2699,315.9,860.17,750,952.5,3.25,1636.6,136.3833333,1312.453333,2104.453333,1994.283333,2196.783333
University of North Texas,Texas,"Denton, Texas",TX,Denton Texas,Denton-TX,Denton,Regional,yes,139869,32590,-97.1418,33.2175,76203-1277,-97.148,33.2112,315.4666667,1478.78,1092.5,2053,3.05,1535.88,127.99,1922.236667,2714.236667,2327.956667,3288.456667
Wayne State University,Michigan,"Detroit, Michigan",MI,Detroit Michigan,Detroit-MI,Detroit,Regional,yes,639111,16530,-83.1024,42.3834,48202,-83.069,42.359,317.2,1656.6,940,3387.5,3.39,1707.1,142.2583333,2116.058333,2908.058333,2191.458333,4638.958333
Fort Lewis College,Colorado,"Durango, Colorado",CO,Durango Colorado,Durango-CO,Durango,Regional,yes,19071,3260,-107.878,37.2659,81301-3999,-107.87,37.2759,316.68,1750.25,1565,1962,3.23,1626.53,135.5441667,2202.474167,2994.474167,2809.224167,3206.224167
Southeastern Oklahoma State University,Oklahoma,"Durant, Oklahoma",OK,Durant Oklahoma,Durant-OK,Durant,Regional,yes,18589,2832,-96.3923,33.9949,74701-3347,-96.377,34.0068,315.9,870,645,1095,2.92,1470.42,122.535,1308.435,2100.435,1875.435,2325.435
University of New Hampshire,New Hampshire,"Durham, New Hampshire",NH,Durham New Hampshire,Durham-NH,Durham,Flagship,yes,15490,11429,43.1389,70.937,03824-3547,-70.932,43.1359,313.7333333,2174.96,1155,2985,3.11,1566.1,130.5083333,2619.201667,3411.201667,2391.241667,4221.241667
Michigan State University,Michigan,"East Lansing, Michigan",MI,East Lansing Michigan,East-Lansing-MI,East Lansing,Land grant,yes,47741,38424,-84.4836,42.748,48824-1046,-84.476,42.7321,313.7333333,1315.74,887.5,2805.5,3.54,1782.63,148.5525,1778.025833,2570.025833,2141.785833,4059.785833
East Stroudsburg University of Pennsylvania,Pennsylvania,"East Stroudsburg, Pennsylvania",PA,East Stroudsburg Pennsylvania,East-Stroudsburg-PA,East Stroudsburg,Regional,yes,9669,4275,-75.1779,41.0023,18301-2999,-75.174,40.996,320.2333333,1796.9,1410,2470,3.5,1762.49,146.8741667,2264.0075,3056.0075,2669.1075,3729.1075
Edinboro University of Pennsylvania,Pennsylvania,"Edinboro, Pennsylvania",PA,Edinboro Pennsylvania,Edinboro-PA,Edinboro,Regional,yes,4964,2779,-80.1247,41.8762,16444-0001,-80.121,41.8707,315.9866667,950.86,582.5,2093,3.69,1858.17,154.8475,1421.694167,2213.694167,1845.334167,3355.834167
University of Central Oklahoma,Oklahoma,"Edmond, Oklahoma",OK,Edmond Oklahoma,Edmond-OK,Edmond,Regional,yes,94428,11420,-97.416,35.6689,73034,-97.472,35.6552,314.1666667,1051.68,722.5,2625,2.87,1445.24,120.4366667,1486.283333,2278.283333,1949.103333,3851.603333
Southern Illinois University-Edwardsville,Illinois,"Edwardsville, Illinois",IL,Edwardsville Illinois,Edwardsville-IL,Edwardsville,Regional,yes,26808,9903,-89.9874,38.7922,62026-1259,-89.998,38.7939,318.0666667,1588.37,675,3107,3.69,1858.17,154.8475,2061.284167,2853.284167,1939.914167,4371.914167
Central Washington University,Washington,"Ellensburg, Washington",WA,Ellensburg Washington,Ellensburg-WA,Ellensburg,Regional,yes,18666,9508,-120.548,46.9999,98926,-120.54,47.0027,316.745,1029,840,1450,3.89,1958.88,163.24,1508.985,2300.985,2111.985,2721.985
Emporia State University,Kansas,"Emporia, Kansas",KS,Emporia Kansas,Emporia-KS,Emporia,Regional,yes,24139,2859,-96.1932,38.4028,66801-5415,-96.179,38.4148,318.1533333,581.57,370,771,2.99,1505.67,125.4725,1025.195833,1817.195833,1605.625833,2006.625833
University of Alaska Fairbanks,Alaska,"Fairbanks, Alaska",AK,Fairbanks Alaska,Fairbanks-AK,Fairbanks,Land grant,yes,32515,4108,-147.653,64.8353,99775,-147.82,64.8576,316.16,1367.12,1298,1406.5,3.69,1858.17,154.8475,1838.1275,2630.1275,2561.0075,2669.5075
Fairmont State University,West Virginia,"Fairmont, West Virginia",WV,Fairmont West Virginia,Fairmont-WV,Fairmont,Regional,yes,18416,2908,-80.1491,39.4768,26554-2470,-80.162,39.4831,314.1666667,999.43,532,1902.5,3.39,1707.1,142.2583333,1455.855,2247.855,1780.425,3150.925
Longwood University,Virginia,"Farmville, Virginia",VA,Farmville Virginia,Farmville-VA,Farmville,Regional,yes,7473,3200,-78.4002,37.2959,23909,-78.397,37.298,318.9333333,680.5,680.5,680.5,3.29,1656.74,138.0616667,1137.495,1929.495,1929.495,1929.495
University of Arkansas,Arkansas,"Fayetteville, Arkansas",AR,Fayetteville Arkansas,Fayetteville-AR,Fayetteville,Flagship,yes,93949,24001,-94.1661,36.0714,72701,-94.177,36.07,318.1533333,1121.73,710,1828,3.03,1525.81,127.1508333,1567.034167,2359.034167,1947.304167,3065.304167
Northern Arizona University,Arizona,"Flagstaff, Arizona",AZ,Flagstaff Arizona,Flagstaff-AZ,Flagstaff,Regional,yes,76831,23772,-111.619,35.1872,86011-4092,-111.65,35.1884,315.9,1977.02,1301.5,3819,3.49,1757.45,146.4541667,2439.374167,3231.374167,2555.854167,5073.354167
Colorado State University-Fort Collins,Colorado,"Fort Collins, Colorado",CO,Fort Collins Colorado,Fort-Collins-CO,Fort Collins,Regional,yes,169810,24344,-105.066,40.5477,80523-0100,-105.08,40.5748,312.78,1776.29,1093.5,3276,3.91,1968.95,164.0791667,2253.149167,3045.149167,2362.359167,4544.859167
Fort Valley State University,Georgia,"Fort Valley, Georgia",GA,Fort Valley Georgia,Fort-Valley-GA,Fort Valley,Black,yes,8780,2635,-83.8817,32.552,31030-4313,-83.895,32.5376,312.8666667,1126.91,679,1744,3.09,1556.03,129.6691667,1569.445833,2361.445833,1913.535833,2978.535833
University of Mary Washington,Virginia,"Fredericksburg, Virginia",VA,Fredericksburg Virginia,Fredericksburg-VA,Fredericksburg,Regional,yes,27982,3624,-77.4872,38.2992,22401-5300,-77.476,38.3025,317.2,1863.81,1050,3423,3.29,1656.74,138.0616667,2319.071667,3111.071667,2297.261667,4670.261667
SUNY at Fredonia,New York,"Fredonia, New York",NY,Fredonia New York,Fredonia-NY,Fredonia,Regional,yes,9585,3540,-79.3319,42.4407,14063-1136,-79.337,42.4522,311.1333333,794.25,788.5,800,3.49,1757.45,146.4541667,1251.8375,2043.8375,2038.0875,2049.5875
Frostburg State University,Maryland,"Frostburg, Maryland",MD,Frostburg Maryland,Frostburg-MD,Frostburg,Regional,yes,7027,3289,-78.9269,39.6506,21532-1099,-78.934,39.6509,316.3333333,912.25,767.5,1057,3.37,1697.03,141.4191667,1370.0025,2162.0025,2017.2525,2306.7525
University of Florida,Florida,"Gainesville, Florida",FL,Gainesville Florida,Gainesville-FL,Gainesville,Flagship,yes,141085,34044,-82.3459,29.6804,32611,-82.348,29.6463,316.7666667,1443.26,942.5,2068,3.39,1707.1,142.2583333,1902.285,2694.285,2193.525,3319.025
SUNY Geneseo,New York,"Geneseo, New York",NY,Geneseo New York,Geneseo-NY,Geneseo,Regional,yes,10483,4450,42.796,77.8239,14454-1465,-77.822,42.7966,316.7666667,1690.82,799,4052.5,3.41,1717.17,143.0975,2150.684167,2942.684167,2050.864167,5304.364167
Rowan University,New Jersey,"Glassboro, New Jersey",NJ,Glassboro New Jersey,Glassboro-NJ,Glassboro,Regional,yes,23149,14925,-75.1113,39.7014,8028,-75.119,39.7091,320.2333333,1997.67,899,4082.5,3.03,1525.81,127.1508333,2445.054167,3237.054167,2138.384167,5321.884167
University of Southern Maine,Maine,"Gorham, Maine",ME,Gorham Maine,Gorham-ME,Gorham,Regional,yes,7469,4668,43.6619,70.2757,4103,-70.274,43.6629,313.7333333,2415.85,1719.5,3872.5,3.21,1616.45,134.7041667,2864.2875,3656.2875,2959.9375,5112.9375
Grambling State University,Louisiana,"Grambling, Louisiana",LA,Grambling Louisiana,Grambling-LA,Grambling,Black,yes,5239,4405,-92.7124,32.5275,71245,-92.713,32.5238,320.32,795,595,1220,2.94,1480.49,123.3741667,1238.694167,2030.694167,1830.694167,2455.694167
University of North Dakota,North Dakota,"Grand Forks, North Dakota",ND,Grand Forks North Dakota,Grand-Forks-ND,Grand Forks,Flagship,yes,59166,8998,-97.0884,47.9214,58202-8193,-97.072,47.9217,324.5666667,985.44,537.5,1285.5,3.09,1556.03,129.6691667,1439.675833,2231.675833,1783.735833,2531.735833
East Carolina University,North Carolina,"Greenville, North Carolina",NC,Greenville North Carolina,Greenville-NC,Greenville,Regional,yes,87521,21231,-77.376,35.5943,27858-4353,-77.368,35.6072,318.0666667,1011.04,670,1430,3.19,1606.38,133.865,1462.971667,2254.971667,1913.931667,2673.931667
Southeastern Louisiana University,Louisiana,"Hammond, Louisiana",LA,Hammond Louisiana,Hammond-LA,Hammond,Regional,yes,19584,10106,-90.4563,30.5061,70402,-90.469,30.5147,316.7666667,944.88,600,1585,2.93,1475.46,122.955,1384.601667,2176.601667,1831.721667,2816.721667
James Madison University,Virginia,"Harrisonburg, Virginia",VA,Harrisonburg Virginia,Harrisonburg-VA,Harrisonburg,Regional,yes,51814,19743,-78.8735,38.4362,22807,-78.87,38.4363,318.5,1344.06,1067.5,1782.5,3.29,1656.74,138.0616667,1800.621667,2592.621667,2316.061667,3031.061667
University of Southern Mississippi,Mississippi,"Hattiesburg, Mississippi",MS,Hattiesburg Mississippi,Hattiesburg-MS,Hattiesburg,Regional,yes,48730,10597,-89.317,31.3074,39406-0001,-89.331,31.3266,319.8,1010.9,605,1517,2.99,1505.67,125.4725,1456.1725,2248.1725,1842.2725,2754.2725
Marshall University,West Virginia,"Huntington, West Virginia",WV,Huntington West Virginia,Huntington-WV,Huntington,Regional,yes,46842,7175,-82.4345,38.4109,25755,-82.429,38.4225,313.2783333,916.35,550,1689.5,3.39,1707.1,142.2583333,1371.886667,2163.886667,1797.536667,2937.036667
Sam Houston State University,Texas,"Huntsville, Texas",TX,Huntsville Texas,Huntsville-TX,Huntsville,Regional,yes,45941,18288,-95.5567,30.7009,77340,-95.546,30.7147,315.4666667,934.12,485,1409,2.71,1364.67,113.7225,1363.309167,2155.309167,1706.189167,2630.189167
Indiana University of Pennsylvania,Pennsylvania,"Indiana, Pennsylvania",PA,Indiana Pennsylvania,Indiana-PA,Indiana,Regional,yes,14044,6989,-79.1552,40.622,15705,-79.159,40.6175,314.1666667,721.6,500,798,3.69,1858.17,154.8475,1190.614167,1982.614167,1761.014167,2059.014167
University of Iowa,Iowa,"Iowa City, Iowa",IA,Iowa City Iowa,Iowa-City-IA,Iowa City,Flagship,yes,74828,21198,-91.5303,41.6559,52242-1316,-91.536,41.6619,316.16,1078.45,737.5,1550,3.09,1556.03,129.6691667,1524.279167,2316.279167,1975.329167,2787.829167
Jacksonville State University,Alabama,"Jacksonville, Alabama",AL,Jacksonville Alabama,Jacksonville-AL,Jacksonville,Regional,yes,14385,6992,-85.7545,33.8088,36265,-85.765,33.8229,320.45,804.36,459,1050,2.99,1505.67,125.4725,1250.2825,2042.2825,1696.9225,2287.9225
Western Michigan University,Michigan,"Kalamazoo, Michigan",MI,Kalamazoo Michigan,Kalamazoo-MI,Kalamazoo,Regional,yes,73598,14286,-85.5882,42.2749,49008-5200,-85.614,42.2822,313.7333333,1186.93,802.5,2300,3.47,1747.38,145.615,1646.278333,2438.278333,2053.848333,3551.348333
University of Nebraska at Kearney,Nebraska,"Kearney, Nebraska",NE,Kearney Nebraska,Kearney-NE,Kearney,Regional,yes,33790,4289,-99.0833,40.7011,68849-1212,-99.099,40.7015,318.3266667,1060.58,735,1772.5,3.09,1556.03,129.6691667,1508.575833,2300.575833,1974.995833,3012.495833
Kent State University,Ohio,"Kent, Ohio",OH,Kent Ohio,Kent-OH,Kent,Regional,yes,28215,20136,-81.361,41.149,44240,-81.343,41.1467,315.9866667,1075.08,687.5,1794,3.15,1586.24,132.1866667,1523.253333,2315.253333,1927.673333,3034.173333
University of Rhode Island,Rhode Island,"Kingston, Rhode Island",RI,Kingston Rhode Island,Kingston-RI,Kingston,Flagship,yes,7825,13850,-71.5236,41.4738,2881,-71.527,41.4847,319.02,2138.79,1295,3313.5,3.14,1581.21,131.7675,2589.5775,3381.5775,2537.7875,4556.2875
Texas A&M University–Kingsville,Texas,"Kingsville, Texas",TX,Kingsville Texas,Kingsville-TX,Kingsville,Regional,yes,25402,4755,-97.861,27.5094,78363,-97.882,27.5252,317.2,784,729,885,2.87,1445.24,120.4366667,1221.636667,2013.636667,1958.636667,2114.636667
Kutztown University of Pennsylvania,Pennsylvania,"Kutztown, Pennsylvania",PA,Kutztown Pennsylvania,Kutztown-PA,Kutztown,Regional,yes,4162,6484,-75.7772,40.5212,19530-0730,-75.784,40.5136,318.0666667,1590.46,1125,2399.5,3.51,1767.52,147.2933333,2055.82,2847.82,2382.36,3656.86
University of Wisconsin-La Crosse,Wisconsin,"La Crosse, Wisconsin",WI,La Crosse Wisconsin,La-Crosse-WI,La Crosse,Regional,yes,52680,9230,-91.2268,43.8241,54601-9959,-91.232,43.8157,323.2666667,1064.78,784,1497.5,3.08,1550.99,129.2491667,1517.295833,2309.295833,2028.515833,2742.015833
University of Wyoming,Wyoming,"Laramie, Wyoming",WY,Laramie Wyoming,Laramie-WY,Laramie,Flagship,yes,31407,8700,-105.609,41.3099,82071,-105.58,41.3118,314.9466667,800,800,800,2.89,1455.31,121.2758333,1236.2225,2028.2225,2028.2225,2028.2225
New Mexico State University,New Mexico,"Las Cruces, New Mexico",NM,Las Cruces New Mexico,Las-Cruces-NM,Las Cruces,Land grant,yes,111385,4707,-106.789,32.3265,88003-8001,-106.75,32.2816,318.0666667,1109.85,725,1950,2.99,1505.67,125.4725,1553.389167,2345.389167,1960.539167,3185.539167
University of Kansas,Kansas,"Lawrence, Kansas",KS,Lawrence Kansas,Lawrence-KS,Lawrence,Flagship,yes,94934,18427,-95.2642,38.9597,66045,-95.248,38.9585,315.9866667,1052.09,690,2315,3.19,1606.38,133.865,1501.941667,2293.941667,1931.851667,3556.851667
Washington and Lee University,Virginia,"Lexington, Virginia",VA,Lexington Virginia,Lexington-VA,Lexington,Mix,yes,7320,1850,-79.4441,37.7825,24450-2116,-79.443,37.7889,318.5,1075,1075,1075,3.29,1656.74,138.0616667,1531.561667,2323.561667,2323.561667,2323.561667
University of Nebraska-Lincoln,Nebraska,"Lincoln, Nebraska",NE,Lincoln Nebraska,Lincoln-NE,Lincoln,Regional,yes,291082,19448,-96.6784,40.8099,68588-0419,-96.701,40.8176,318.3266667,1211.79,904,1807.5,3.69,1858.17,154.8475,1684.964167,2476.964167,2169.174167,3072.674167
Lock Haven University,Pennsylvania,"Lock Haven, Pennsylvania",PA,Lock Haven Pennsylvania,Lock-Haven-PA,Lock Haven,Regional,yes,8108,2361,-77.4521,41.1365,17745-2390,-77.46,41.1415,318.0666667,920,920,920,3.59,1807.81,150.6508333,1388.7175,2180.7175,2180.7175,2180.7175
Utah State University,Utah,"Logan, Utah",UT,Logan Utah,Logan-UT,Logan,Land grant,yes,52778,20516,-111.842,41.7399,84322-1400,-111.81,41.7407,311.9133333,1271.56,900,1520,3.29,1656.74,138.0616667,1721.535,2513.535,2141.975,2761.975
Western Illinois University,Illinois,"Macomb, Illinois",IL,Macomb Illinois,Macomb-IL,Macomb,Regional,yes,15051,5268,-90.6807,40.4709,61455,-90.687,40.4681,316.16,578.75,505,650,3.55,1787.67,148.9725,1043.8825,1835.8825,1762.1325,1907.1325
Dakota State University,South Dakota,"Madison, South Dakota",SD,Madison South Dakota,Madison-SD,Madison,Regional,yes,6191,1910,-97.1085,44.0062,57042-1799,-97.113,44.013,321.5333333,877.5,877.5,877.5,2.99,1505.67,125.4725,1324.505833,2116.505833,2116.505833,2116.505833
University of Wisconsin-Madison,Wisconsin,"Madison, Wisconsin",WI,Madison Wisconsin,Madison-WI,Madison,Flagship,yes,269840,33506,-89.393,43.0822,53706-1380,-89.404,43.0754,346.6666667,1796.51,1022.5,2875,3.38,1702.06,141.8383333,2285.015,3077.015,2303.005,4155.505
Kansas State University,Kansas,"Manhattan, Kansas",KS,Manhattan Kansas,Manhattan-KS,Manhattan,Land grant,yes,54100,15372,-96.6048,39.1886,66506,-96.581,39.1886,315.9866667,800.11,644,1099,2.99,1505.67,125.4725,1241.569167,2033.569167,1877.459167,2332.459167
Minnesota State University-Mankato,Minnesota,"Mankato, Minnesota",MN,Mankato Minnesota,Mankato-MN,Mankato,Regional,yes,44488,11500,-93.9772,44.1715,56001,-93.999,44.1467,323.2666667,1145.33,805,1995,3.29,1656.74,138.0616667,1606.658333,2398.658333,2058.328333,3248.328333
Northern Michigan University,Michigan,"Marquette, Michigan",MI,Marquette Michigan,Marquette-MI,Marquette,Regional,yes,20629,6330,-87.4082,46.544,49855-5301,-87.407,46.5598,318.5,1517.75,1030.5,2052.5,3.25,1636.6,136.3833333,1972.633333,2764.633333,2277.383333,3299.383333
Southwest Minnesota State University,Minnesota,"Marshall, Minnesota",MN,Marshall Minnesota,Marshall-MN,Marshall,Regional,yes,13628,1982,-95.7897,44.4488,56258-5468,-95.76,44.4537,324.5666667,833.33,725,1000,2.92,1470.42,122.535,1280.431667,2072.431667,1964.101667,2239.101667
University of Tennessee at Martin,Tennessee,"Martin, Tennessee",TN,Martin Tennessee,Martin-TN,Martin,Regional,yes,10825,4743,-88.8513,36.3385,38237,-88.864,36.3403,319.8866667,1050,1050,1050,3.19,1606.38,133.865,1503.751667,2295.751667,2295.751667,2295.751667
Northwest Missouri State University,Missouri,"Maryville, Missouri",MO,Maryville Missouri,Maryville-MO,Maryville,Regional,yes,10633,4760,-94.8702,40.3428,64468-6001,-94.883,40.3517,319.02,795,795,795,2.84,1430.14,119.1783333,1233.198333,2025.198333,2025.198333,2025.198333
University of Wisconsin-Stout,Wisconsin,"Menomonie, Wisconsin",WI,Menomonie Wisconsin,Menomonie-WI,Menomonie,Regional,yes,16843,6480,-91.9084,44.8893,54751,-91.927,44.8732,323.2666667,1158,754,1395,3.29,1656.74,138.0616667,1619.328333,2411.328333,2007.328333,2648.328333
Georgia College & State University,Georgia,"Milledgeville, Georgia",GA,Milledgeville Georgia,Milledgeville-GA,Milledgeville,Regional,yes,17070,5489,-83.2414,33.0874,31061,-83.232,33.0828,317.85,952.12,669,1409,3.05,1535.88,127.99,1397.96,2189.96,1906.84,2646.84
Millersville University of Pennsylvania,Pennsylvania,"Millersville, Pennsylvania",PA,Millersville Pennsylvania,Millersville-PA,Millersville,Regional,yes,7903,6093,-76.3522,40.0047,17551-0302,-76.357,40.0003,318.0666667,1519.6,1209,2313.5,3.68,1853.13,154.4275,1992.094167,2784.094167,2473.494167,3577.994167
University of Minnesota-Twin Cities,Minnesota,"Minneapolis, Minnesota",MN,Minneapolis Minnesota,Minneapolis-MN,Minneapolis,Regional,yes,429954,30734,-93.2678,44.9635,55455-0213,-93.235,44.9729,320.6666667,1704.08,1029,3387.5,3.49,1757.45,146.4541667,2171.200833,2963.200833,2288.120833,4646.620833
The University of Montana,Montana,"Missoula, Montana",MT,Missoula Montana,Missoula-MT,Missoula,Flagship,yes,73489,7026,-114.021,46.8751,59812,-113.98,46.8593,310.83,1878.71,1200,3527.5,3.39,1707.1,142.2583333,2331.798333,3123.798333,2445.088333,4772.588333
Western Oregon University,Oregon,"Monmouth, Oregon",OR,Monmouth Oregon,Monmouth-OR,Monmouth,Regional,yes,11110,3524,-123.228,44.8505,97361-1394,-123.24,44.8522,321.5116667,1447.32,900,1982.5,3.49,1757.45,146.4541667,1915.285833,2707.285833,2159.965833,3242.465833
University of Montevallo,Alabama,"Montevallo, Alabama",AL,Montevallo Alabama,Montevallo-AL,Montevallo,Regional,yes,7229,2184,-86.8477,33.1246,35115-6000,-86.865,33.1063,348.9416667,1207.35,587.5,2158,3.09,1556.03,129.6691667,1685.960833,2477.960833,1858.110833,3428.610833
University of Arkansas at Monticello,Arkansas,"Monticello, Arkansas",AR,Monticello Arkansas,Monticello-AR,Monticello,Regional,yes,8442,1946,-91.7934,33.6257,71656,-91.811,33.5909,322.4866667,700,700,700,2.95,1485.53,123.7941667,1146.280833,1938.280833,1938.280833,1938.280833
Morehead State University,Kentucky,"Morehead, Kentucky",KY,Morehead Kentucky,Morehead-KY,Morehead,Regional,yes,7151,5210,-83.4466,38.1906,40351,-83.434,38.1868,312.0866667,750,750,750,3.14,1581.21,131.7675,1193.854167,1985.854167,1985.854167,1985.854167
West Virginia University,West Virginia,"Morgantown, West Virginia",WV,Morgantown West Virginia,Morgantown-WV,Morgantown,Flagship,yes,30347,18878,-79.9464,39.6383,26506,-79.954,39.6344,314.1666667,954,532,1902.5,3.39,1707.1,142.2583333,1410.425,2202.425,1780.425,3150.925
University of Minnesota-Morris,Minnesota,"Morris, Minnesota",MN,Morris Minnesota,Morris-MN,Morris,Regional,yes,5105,1189,-95.9046,45.5857,56267,-95.9,45.5898,321.9666667,730.6,610,995,3.19,1606.38,133.865,1186.431667,1978.431667,1857.831667,2242.831667
University of Idaho,Idaho,"Moscow, Idaho",ID,Moscow Idaho,Moscow-ID,Moscow,Flagship,yes,25435,6861,-116.999,46.7308,83844-2282,-117.01,46.7274,317.1783333,1107.23,542.5,1629,3.41,1717.17,143.0975,1567.505833,2359.505833,1794.775833,2881.275833
Central Michigan University,Michigan,"Mount Pleasant, Michigan",MI,Mount Pleasant Michigan,Mount-Pleasant-MI,Mount Pleasant,Regional,yes,21688,11323,-84.7759,43.5966,48859,-84.775,43.5912,317.2,845.31,705,1072.5,3.44,1732.28,144.3566667,1306.866667,2098.866667,1958.556667,2326.056667
Ball State University,Indiana,"Muncie, Indiana",IN,Muncie Indiana,Muncie-IN,Muncie,Regional,yes,65194,13896,-85.395,40.1989,47306,-85.409,40.2034,316.3333333,926.56,612.5,1575,3.39,1707.1,142.2583333,1385.151667,2177.151667,1863.091667,2825.591667
Middle Tennessee State University,Tennessee,"Murfreesboro, Tennessee",TN,Murfreesboro Tennessee,Murfreesboro-TN,Murfreesboro,Regional,yes,152769,17713,-86.4121,35.849,37132,-86.361,35.848,318.5866667,1503.51,1027.5,2532,3.19,1606.38,133.865,1955.961667,2747.961667,2271.951667,3776.451667
Stephen F. Austin State University,Texas,"Nacogdoches, Texas",TX,Nacogdoches Texas,Nacogdoches-TX,Nacogdoches,Regional,yes,32147,9515,-94.6528,31.6134,75965,-94.649,31.6211,318.9333333,775.72,654,1075,2.77,1394.89,116.2408333,1210.894167,2002.894167,1881.174167,2302.174167
Northwestern State University,Louisiana,"Natchitoches, Louisiana",LA,Natchitoches Louisiana,Natchitoches-LA,Natchitoches,Regional,yes,18039,7513,-93.0975,31.7315,71497-0002,-93.098,31.7507,318.5,875,875,875,2.82,1420.06,118.3383333,1311.838333,2103.838333,2103.838333,2103.838333
SUNY New Paltz,New York,"New Paltz, New York",NY,New Paltz New York,New-Paltz-NY,New Paltz,Regional,yes,14407,6142,41.7386,74.0852,12561-2443,-74.082,41.7409,315.0333333,1853.96,1124,3090,3.14,1581.21,131.7675,2300.760833,3092.760833,2362.800833,4328.800833
University of Delaware,Delaware,"Newark, Delaware",DE,Newark Delaware,Newark-DE,Newark,Flagship,yes,30601,18707,-75.7576,39.6776,19716,-75.753,39.6796,318.0666667,1611.05,1135,3090,3.35,1686.95,140.5791667,2069.695833,2861.695833,2385.645833,4340.645833
The University of Oklahoma,Oklahoma,"Norman, Oklahoma",OK,Norman Oklahoma,Norman-OK,Norman,Flagship,yes,128026,20800,-97.3471,35.2335,73019,-97.444,35.2094,314.1666667,949.56,600,2495,2.89,1455.31,121.2758333,1385.0025,2177.0025,1827.4425,3722.4425
Carleton College,Minnesota,"Northfield, Minnesota",MN,Northfield Minnesota,Northfield-MN,Northfield,Mix,yes,20790,2008,-93.1698,44.455,55057,-93.155,44.4623,320.6666667,1400.62,710,2150,3.25,1636.6,136.3833333,1857.67,2649.67,1959.05,3399.05
SUNY Oneonta,New York,"Oneonta, New York",NY,Oneonta New York,Oneonta-NY,Oneonta,Mix,yes,13079,5374,-75.0666,42.4551,13820-4015,-75.064,42.4689,314.6,781,781,781,3.36,1691.99,140.9991667,1236.599167,2028.599167,2028.599167,2028.599167
South Carolina State University,South Carolina,"Orangeburg, South Carolina",SC,Orangeburg South Carolina,Orangeburg-SC,Orangeburg,Black,yes,13240,2063,-80.8671,33.4928,29117-0001,-80.849,33.498,317.2,962.5,825,1100,2.99,1505.67,125.4725,1405.1725,2197.1725,2059.6725,2334.6725
University of Maine,Maine,"Orono, Maine",ME,Orono Maine,Orono-ME,Orono,Flagship,yes,10185,9246,44.9019,68.6688,4469,-68.669,44.8993,315.9,1762.5,1275,2250,3.19,1606.38,133.865,2212.265,3004.265,2516.765,3491.765
SUNY Oswego,New York,"Oswego, New York",NY,Oswego New York,Oswego-NY,Oswego,Regional,yes,16921,6095,-76.5005,43.4516,13126,-76.541,43.4543,314.6,1455,1075,1835,3.45,1737.31,144.7758333,1914.375833,2706.375833,2326.375833,3086.375833
University of Mississippi,Mississippi,"Oxford, Mississippi",MS,Oxford Mississippi,Oxford-MS,Oxford,Flagship,yes,25416,15994,-89.5336,34.3627,38677-1848,-89.537,34.3655,315.9866667,1209.92,945,1499,2.69,1354.6,112.8833333,1638.79,2430.79,2165.87,2719.87
Miami University,Ohio,"Oxford, Ohio",OH,Oxford Ohio,Oxford-OH,Oxford,Flagship,yes,23035,16868,-84.7446,39.5061,45056,-84.733,39.5078,314.2533333,1226.22,810,1961.5,3.09,1556.03,129.6691667,1670.1425,2462.1425,2045.9225,3197.4225
University of North Carolina at Pembroke,North Carolina,"Pembroke, North Carolina",NC,Pembroke North Carolina,Pembroke-NC,Pembroke,Regional,yes,2823,6179,-79.1935,34.6766,28372-1510,-79.2,34.6883,315.9,757.5,690,825,3.29,1656.74,138.0616667,1211.461667,2003.461667,1935.961667,2070.961667
Pittsburg State University,Kansas,"Pittsburg, Kansas",KS,Pittsburg Kansas,Pittsburg-KS,Pittsburg,Regional,yes,20646,4292,-94.6985,37.4129,66762,-94.702,37.3921,315.9866667,686.5,475,845,2.89,1455.31,121.2758333,1123.7625,1915.7625,1704.2625,2074.2625
University of Wisconsin-Platteville,Wisconsin,"Platteville, Wisconsin",WI,Platteville Wisconsin,Platteville-WI,Platteville,Regional,yes,11836,6124,-90.4681,42.728,53818-3099,-90.486,42.7335,318.0666667,821.92,649,995,3.29,1656.74,138.0616667,1278.048333,2070.048333,1897.128333,2243.128333
SUNY Plattsburgh,New York,"Plattsburgh, New York",NY,Plattsburgh New York,Plattsburgh-NY,Plattsburgh,Regional,yes,19841,4286,-73.4563,44.6951,12901-2681,-73.467,44.6929,318.0666667,1873.5,850,2550,3.19,1606.38,133.865,2325.431667,3117.431667,2093.931667,3793.931667
Plymouth State University,New Hampshire,"Plymouth, New Hampshire",NH,Plymouth New Hampshire,Plymouth-NH,Plymouth,Regional,yes,6682,3486,43.7615,71.6863,03264-1595,-71.69,43.7596,313.7333333,1740,1622.5,1857.5,3.09,1556.03,129.6691667,2183.4025,2975.4025,2857.9025,3092.9025
Idaho State University,Idaho,"Pocatello, Idaho",ID,Pocatello Idaho,Pocatello-ID,Pocatello,Regional,yes,56320,6842,-112.465,42.8724,83209,-112.43,42.8638,314.08,933.5,625,1370,3.22,1621.49,135.1241667,1382.704167,2174.704167,1866.204167,2611.204167
Eastern New Mexico University,New Mexico,"Portales, New Mexico",NM,Portales New Mexico,Portales-NM,Portales,Regional,yes,12137,2861,-103.357,34.1754,88130,-103.35,34.1756,316.2466667,450,450,450,2.99,1505.67,125.4725,891.7191667,1683.719167,1683.719167,1683.719167
SUNY Potsdam,New York,"Potsdam, New York",NY,Potsdam New York,Potsdam-NY,Potsdam,Mix,yes,14901,2346,44.6615,74.973,13676-2294,-74.974,44.6621,318.0666667,1124.75,910,1275,3.54,1782.63,148.5525,1591.369167,2383.369167,2168.619167,2533.619167
Prairie View A&M University,Texas,"Prairie View, Texas",TX,Prairie View Texas,Prairie-View-TX,Prairie View,Black,yes,8184,8444,-95.9892,30.0847,77446,-95.989,30.0924,314.1666667,1605.25,712.5,2685.5,2.99,1505.67,125.4725,2044.889167,2836.889167,1944.139167,3917.139167
University of Maryland Eastern Shore,Maryland,"Princess Anne, Maryland",MD,Princess Anne Maryland,Princess-Anne-MD,Princess Anne,Black,yes,3446,1758,-75.697,38.2054,21853-1299,-75.687,38.2074,316.7666667,1319,878,1512.5,3.29,1656.74,138.0616667,1773.828333,2565.828333,2124.828333,2759.328333
Washington State University,Washington,"Pullman, Washington",WA,Pullman Washington,Pullman-WA,Pullman,Land grant,yes,32901,23966,-117.168,46.7336,99164-5910,-117.16,46.7304,317.1783333,1123.14,542.5,1629,3.99,2009.24,167.4366667,1607.755,2399.755,1819.115,2905.615
Radford University,Virginia,"Radford, Virginia",VA,Radford Virginia,Radford-VA,Radford,Regional,yes,16070,6437,-80.5587,37.1229,24142,-80.55,37.1369,318.5,1190.8,594.5,1740,3.29,1656.74,138.0616667,1647.361667,2439.361667,1843.061667,2988.561667
Vermont State University-Randolph,Vermont,"Randolph, Vermont",VT,Randolph Vermont,Randolph-VT,Randolph,Regional,yes,2083,1177,43.9247,72.6657,5061,-72.604,43.9396,315.9,1100,1100,1100,3.24,1631.56,135.9633333,1551.863333,2343.863333,2343.863333,2343.863333
Eastern Kentucky University,Kentucky,"Richmond, Kentucky",KY,Richmond Kentucky,Richmond-KY,Richmond,Regional,yes,34585,10987,-84.2925,37.7307,40475-3102,-84.301,37.7408,312.0866667,834,600,1299,3.19,1606.38,133.865,1279.951667,2071.951667,1837.951667,2536.951667
University of Wisconsin-River Falls,Wisconsin,"River Falls, Wisconsin",WI,River Falls Wisconsin,River-Falls-WI,River Falls,Regional,yes,16182,4730,-92.6247,44.8609,54022-5001,-92.623,44.8534,321.1,1052.68,440,1450,3.29,1656.74,138.0616667,1511.841667,2303.841667,1691.161667,2701.161667
Missouri University of Science and Technology,Missouri,"Rolla, Missouri",MO,Rolla Missouri,Rolla-MO,Rolla,Regional,yes,19943,5668,-91.7607,37.9459,65409,-91.776,37.9534,318.5866667,774.67,615,1050,2.99,1505.67,125.4725,1218.729167,2010.729167,1851.059167,2286.059167
Arkansas Tech University,Arkansas,"Russellville, Arkansas",AR,Russellville Arkansas,Russellville-AR,Russellville,Regional,yes,28940,6467,-93.1383,35.2762,72801-2222,-93.136,35.2932,318.1533333,808,590,1337.5,2.99,1505.67,125.4725,1251.625833,2043.625833,1825.625833,2573.125833
Louisiana Tech University,Louisiana,"Ruston, Louisiana",LA,Ruston Louisiana,Ruston-LA,Ruston,Regional,yes,22166,7785,-92.6363,32.5328,71272,-92.65,32.5283,318.5,795,595,1220,2.69,1354.6,112.8833333,1226.383333,2018.383333,1818.383333,2443.383333
Salisbury University,Maryland,"Salisbury, Maryland",MD,Salisbury Maryland,Salisbury-MD,Salisbury,Regional,yes,33050,6455,-75.5865,38.3756,21801-6862,-75.605,38.3465,316.7666667,1319,878,1512.5,3.19,1606.38,133.865,1769.631667,2561.631667,2120.631667,2755.131667
California Polytechnic State University-San Luis Obispo,California,"San Luis Obispo, California",CA,San Luis Obispo California,San-Luis-Obispo-CA,San Luis Obispo,Regional,yes,47063,21090,-120.669,35.2669,93407,-120.66,35.2995,319.4533333,2280.83,1195,2950,5.19,2613.52,217.7933333,2818.076667,3610.076667,2524.246667,4279.246667
Texas State University,Texas,"San Marcos, Texas",TX,San Marcos Texas,San-Marcos-TX,San Marcos,Regional,yes,67553,33175,-97.9356,29.8734,78666,-97.943,29.8889,341.2066667,1347.86,945,1967,2.99,1505.67,125.4725,1814.539167,2606.539167,2203.679167,3225.679167
University of California-Santa Barbara,California,"Santa Barbara, California",CA,Santa Barbara California,Santa-Barbara-CA,Santa Barbara,Flagship,yes,88665,23081,-119.72,34.4285,93106,-119.85,34.4163,350.74,3592.83,2800,4295.5,4.43,2230.81,185.9008333,4129.470833,4921.470833,4128.640833,5624.140833
University of California-Santa Cruz,California,"Santa Cruz, California",CA,Santa Cruz California,Santa-Cruz-CA,Santa Cruz,Flagship,yes,62956,17864,-122.035,36.9789,95064-1011,-122.06,36.9956,346.4066667,3117.54,1890,4268.5,5.05,2543.02,211.9183333,3675.865,4467.865,3240.325,5618.825
Empire State University,New York,"Saratoga Springs, New York",NY,Saratoga Springs New York,Saratoga-Springs-NY,Saratoga Springs,Mix,yes,28491,7289,-73.7775,43.0674,12866-4391,-73.782,43.0773,317.2,1898.31,1300,3060,3.44,1732.28,144.3566667,2359.866667,3151.866667,2553.556667,4313.556667
Shippensburg University of Pennsylvania,Pennsylvania,"Shippensburg, Pennsylvania",PA,Shippensburg Pennsylvania,Shippensburg-PA,Shippensburg,Regional,yes,5478,4676,-77.5227,40.0484,17257-2299,-77.522,40.0579,318.0666667,1115.17,761,1592.5,3.52,1772.56,147.7133333,1580.95,2372.95,2018.78,2850.28
Slippery Rock University of Pennsylvania,Pennsylvania,"Slippery Rock, Pennsylvania",PA,Slippery Rock Pennsylvania,Slippery-Rock-PA,Slippery Rock,Regional,yes,3081,6823,-80.058,41.0695,16057-1383,-80.046,41.0627,316.3333333,770.38,405.5,1115,3.66,1843.06,153.5883333,1240.301667,2032.301667,1667.421667,2376.921667
Saint Cloud State University,Minnesota,"St. Cloud, Minnesota",MN,St. Cloud Minnesota,St.-Cloud-MN,St. Cloud,Regional,yes,68881,6054,-94.1718,45.534,56301-4498,-94.153,45.5532,323.2666667,959.05,720,1505,2.84,1430.14,119.1783333,1401.495,2193.495,1954.445,2739.445
Mississippi State University,Mississippi,"Starkville, Mississippi",MS,Starkville Mississippi,Starkville-MS,Starkville,Land grant,yes,24360,18451,-88.8297,33.4608,39762,-88.79,33.4549,318.7166667,966.62,612.5,1350,2.93,1475.46,122.955,1408.291667,2200.291667,1846.171667,2583.671667
The Pennsylvania State University,Pennsylvania,"State College, Pennsylvania",PA,State College Pennsylvania,State-College-PA,State College,Flagship,yes,40501,72229,-77.8567,40.7909,16801,-77.863,40.7965,348.3566667,1325.84,975,1755,3.69,1858.17,154.8475,1829.044167,2621.044167,2270.204167,3050.204167
Georgia Southern University,Georgia,"Statesboro, Georgia",GA,Statesboro Georgia,Statesboro-GA,Statesboro,Regional,yes,33438,22404,-81.7751,32.4375,30460-8126,-81.784,32.4262,318.0666667,1045.83,737.5,1510,3.1,1561.06,130.0883333,1493.985,2285.985,1977.655,2750.155
Tarleton State University,Texas,"Stephenville, Texas",TX,Stephenville Texas,Stephenville-TX,Stephenville,Regional,yes,20897,11666,-98.2205,32.2147,76401-0000,-98.219,32.2178,313.3,839.5,700,1102,2.99,1505.67,125.4725,1278.2725,2070.2725,1930.7725,2332.7725
University of Wisconsin-Stevens Point,Wisconsin,"Stevens Point, Wisconsin",WI,Stevens Point Wisconsin,Stevens-Point-WI,Stevens Point,Regional,yes,25666,7103,-89.5507,44.5241,54481-3897,-89.571,44.5296,321.1,998.08,596,1349,3.17,1596.31,133.0258333,1452.205833,2244.205833,1842.125833,2595.125833
Oklahoma State University,Oklahoma,"Stillwater, Oklahoma",OK,Stillwater Oklahoma,Stillwater-OK,Stillwater,Land grant,yes,48394,19841,-97.0742,36.1317,74078-1015,-97.07,36.1231,314.1666667,818.47,584.5,1250,2.89,1455.31,121.2758333,1253.9125,2045.9125,1811.9425,2477.4425
University of Connecticut,Connecticut,"Storrs, Connecticut",CT,Storrs Connecticut,Storrs-CT,Storrs,Flagship,yes,15979,18362,-72.2514,41.8083,6269,-72.25,41.8091,314.6,1565,1100,2367.5,3.29,1656.74,138.0616667,2017.661667,2809.661667,2344.661667,3612.161667
Northeastern State University,Oklahoma,"Tahlequah, Oklahoma",OK,Tahlequah Oklahoma,Tahlequah-OK,Tahlequah,Regional,yes,16209,5212,-94.977,35.9112,74464-2399,-94.967,35.9199,316.7666667,700,700,700,2.89,1455.31,121.2758333,1138.0425,1930.0425,1930.0425,1930.0425
Florida A & M University,Florida,"Tallahassee, Florida",FL,Tallahassee Florida,Tallahassee-FL,Tallahassee,Mix,yes,196169,7005,-84.2527,30.4551,32307,-84.29,30.4285,350.74,1312.06,815,2145.5,3.39,1707.1,142.2583333,1805.058333,2597.058333,2099.998333,3430.498333
Florida State University,Florida,"Tallahassee, Florida",FL,Tallahassee Florida,Tallahassee-FL,Tallahassee,Mix,yes,196169,33368,-84.2527,30.4551,32306-1037,-84.295,30.4431,350.74,1312.06,815,2145.5,3.39,1707.1,142.2583333,1805.058333,2597.058333,2099.998333,3430.498333
Indiana State University,Indiana,"Terre Haute, Indiana",IN,Terre Haute Indiana,Terre-Haute-IN,Terre Haute,Regional,yes,58389,7653,-87.3751,39.466,47809,-87.408,39.4691,317.2,831.12,587.5,1207.5,3.29,1656.74,138.0616667,1286.381667,2078.381667,1834.761667,2454.761667
Nicholls State University,Louisiana,"Thibodaux, Louisiana",LA,Thibodaux Louisiana,Thibodaux-LA,Thibodaux,Regional,yes,15948,5181,-90.8146,29.7949,70310,-90.802,29.7945,321.1,1054.04,797.5,1430,2.99,1505.67,125.4725,1500.6125,2292.6125,2036.0725,2668.5725
Troy University,Alabama,"Troy, Alabama",AL,Troy Alabama,Troy-AL,Troy,Regional,yes,17727,10916,-85.9664,31.8021,36082-0001,-85.958,31.7996,323.4833333,713.67,662.5,811,2.99,1505.67,125.4725,1162.625833,1954.625833,1903.455833,2051.955833
The University of Alabama,Alabama,"Tuscaloosa, Alabama",AL,Tuscaloosa Alabama,Tuscaloosa-AL,Tuscaloosa,Flagship,yes,227036,30725,-87.5268,33.2348,35487-0100,-87.546,33.2119,318.7166667,1118.34,465,2346.5,2.95,1485.53,123.7941667,1560.850833,2352.850833,1699.510833,3581.010833
Tuskegee University,Alabama,"Tuskegee, Alabama",AL,Tuskegee Alabama,Tuskegee-AL,Tuskegee,Black,yes,9395,2184,-85.7131,32.4409,36088-1920,-85.708,32.4309,348.9416667,1166.48,482.5,1959,3.06,1540.92,128.41,1643.831667,2435.831667,1751.851667,3228.351667
Valdosta State University,Georgia,"Valdosta, Georgia",GA,Valdosta Georgia,Valdosta-GA,Valdosta,Regional,yes,55378,8421,-83.2788,30.8502,31698,-83.289,30.8474,322.8333333,959.64,690,1350,3.19,1606.38,133.865,1416.338333,2208.338333,1938.698333,2598.698333
University of South Dakota,South Dakota,"Vermillion, South Dakota",SD,Vermillion South Dakota,Vermillion-SD,Vermillion,Flagship,yes,11695,5328,-96.9256,42.7811,57069-2390,-96.925,42.786,315.7266667,668,668,668,2.84,1430.14,119.1783333,1102.905,1894.905,1894.905,1894.905
University of Central Missouri,Missouri,"Warrensburg, Missouri",MO,Warrensburg Missouri,Warrensburg-MO,Warrensburg,Regional,yes,20313,6407,-93.726,38.7627,64093,-93.737,38.7591,318.5866667,695,695,695,3.29,1656.74,138.0616667,1151.648333,1943.648333,1943.648333,1943.648333
Southwestern Oklahoma State University,Oklahoma,"Weatherford, Oklahoma",OK,Weatherford Oklahoma,Weatherford-OK,Weatherford,Regional,yes,12076,3541,-98.6853,35.538,73096-3001,-98.708,35.5353,316.3333333,610,610,610,3.01,1515.74,126.3116667,1052.645,1844.645,1844.645,1844.645
Purdue University,Indiana,"West Lafayette, Indiana",IN,West Lafayette Indiana,West-Lafayette-IN,West Lafayette,Land grant,yes,44595,37658,-86.9238,40.4432,47907-2040,-86.914,40.4282,353.34,1382.32,845,2099,3.47,1747.38,145.615,1881.275,2673.275,2135.955,3389.955
University of Wisconsin-Whitewater,Wisconsin,"Whitewater, Wisconsin",WI,Whitewater Wisconsin,Whitewater-WI,Whitewater,Regional,yes,14889,9298,-88.7341,42.8372,53190-1790,-88.742,42.8356,317.2,1004.06,720,1450,3.34,1681.92,140.16,1461.42,2253.42,1969.36,2699.36
William & Mary,Virginia,"Williamsburg, Virginia",VA,Williamsburg Virginia,Williamsburg-VA,Williamsburg,Flagship,yes,15425,6521,-76.7076,37.2693,23187-8795,-76.708,37.2695,316.3333333,1556.42,676,2282.5,3.17,1596.31,133.0258333,2005.779167,2797.779167,1917.359167,3523.859167
Eastern Connecticut State University,Connecticut,"Willimantic, Connecticut",CT,Willimantic Connecticut,Willimantic-CT,Willimantic,Regional,yes,18149,3767,-72.2114,41.7171,6226,-72.219,41.7217,316.7666667,1746.17,1100,2437.5,3.19,1606.38,133.865,2196.801667,2988.801667,2342.631667,3680.131667
Winona State University,Minnesota,"Winona, Minnesota",MN,Winona Minnesota,Winona-MN,Winona,Mix,yes,25948,5606,-91.6684,44.0505,55987-5838,-91.644,44.0462,321.5333333,1050.38,612.5,1962.5,3.29,1656.74,138.0616667,1509.975,2301.975,1864.095,3214.095
Eastern Michigan University,Michigan,"Ypsilanti, Michigan",MI,Ypsilanti Michigan,Ypsilanti-MI,Ypsilanti,Regional,yes,20648,12344,-83.6208,42.244,48197,-83.627,42.2517,318.5,1130.15,715,1738,3.27,1646.67,137.2225,1585.8725,2377.8725,1962.7225,2985.7225